stkcd,year,total_assets,total_liabilities,fixed_assets,total_current_assets,total_current_liab,net_profit,dep_amort,soe,ind_gate,ind_mid,ind_code_em,m2,m2_growth,lev,npr,size,tang,ndts,liq,growth,ind_code,lev_raw,npr_raw,tang_raw,growth_raw,ndts_raw,liq_raw
000002,2011,296208440030.05,228375901483.02,1595862733.95,282646654855.19,200724160315.26,9624875268.23,250774559.98,0,房地产业,,K70,851590.9,17.32297305487116,0.7684065284490675,0.03249358886348264,26.41432923273624,0.005387634240901784,0.0012271634570281552,1.4081346979419989,0.37364034064290774,CM_other,0.7709972796853848,0.03249358886348264,0.005387634240901784,0.37364034064290774,0.0008466151739449396,1.4081346979419989
000002,2012,378801615075.37,296663420087.27,1612257202.22,362773737335.37,259833566711.09,12551182392.23,182621025.17,0,房地产业,,K70,974148.8,14.391640399163496,0.7784146260626328,0.033133919953674686,26.660278461911783,0.004256204667710326,0.0009514933674515157,1.3961773373905135,0.2788346444042615,CM_other,0.783163028563759,0.033133919953674686,0.004256204667710326,0.2788346444042615,0.0004821020235979299,1.3961773373905135
000002,2013,479205323490.54,373765900091.91,2129767863.36,442046585199.61,328921832209.92,15118549405.78,179235500.15,0,房地产业,,K70,1106524.98,13.588907567303888,0.7799702586135575,0.03154921004561515,26.895394992806438,0.004444374381834353,0.00112144456220164,1.3439259480881558,0.26505617827208233,CM_other,0.7799702586135575,0.03154921004561515,0.004444374381834353,0.26505617827208233,0.000374026521334207,1.3439259480881558
000002,2014,508408755415.65,392515138495.68,2308351663.13,464805697453.18,345654030971.64,15745454144.7,548904324.49,0,房地产业,,K70,1228374.807,11.011936395688071,0.770223932618892,0.030970068821547517,26.954551597623354,0.004540346008091079,0.0016763987196389634,1.3447136610749262,0.060941376260997555,CM_other,0.772046378656046,0.030970068821547517,0.004540346008091079,0.060941376260997555,0.0010796515965608082,1.3447136610749262
000002,2015,611295567689.29,474985950368.27,4917479160.88,547024375866.34,420061826880.58,18119406249.27,715806286.73,0,房地产业,,K70,1392278.10919881,13.34310189893124,0.7770152042222829,0.029640990720351094,27.138846423323837,0.008044355988819245,0.0014247064277380323,1.3022472904253077,0.20237026049939838,CM_other,0.7770152042222829,0.029640990720351094,0.008044355988819245,0.20237026049939838,0.0011709659362258468,1.3022472904253077
000002,2016,830674213924.14,668997642643.14,6810793073.58,721295427853.28,579998485463.07,21022606256.56,1148632098.6599998,0,房地产业,,K70,1550066.66781086,11.333120701211753,0.8053670517624075,0.025307883529029174,27.445503513927846,0.008199114598014938,0.0018848250890982977,1.2436160540615875,0.35887491719284964,CM_other,0.8053670517624075,0.025307883529029174,0.008199114598014938,0.35887491719284964,0.0013827708617964837,1.2436160540615875
000002,2017,1165346917804.55,978672978646.26,7098808083.4,1017552832148.3,847355429875.81,28051814882.36,1101115390.47,0,房地产业,,K70,1690235.31468079,9.042749565596964,0.8273045802609611,0.0240716429191816,27.78403994214072,0.006091583523277142,0.0015681825174507114,1.2008571565977153,0.4028928529024659,CM_other,0.8398125602717742,0.0240716429191816,0.006091583523277142,0.4028928529024659,0.0009448820549887764,1.2008571565977153
000002,2018,1528579356474.81,1292958626477.23,11533798650.31,1295071856292.37,1121913936785.61,33772651678.61,1697226314.44,0,房地产业,,K70,1826744.21571345,8.076325222115033,0.8424307021139867,0.02209414351669386,28.055359894806493,0.007545436618291834,0.0015684710621940645,1.154341535325672,0.31169468346350465,CM_other,0.845856396660383,0.02209414351669386,0.007545436618291834,0.31169468346350465,0.0011103292133645723,1.154341535325672
000002,2019,1729929450401.23,1459350334988.27,12399838267.28,1438989354552.98,1272610284010.69,38872086881.32,4466790705.33,0,房地产业,,K70,1986488.82,8.744771321154033,0.841091397978016,0.02247033072493461,28.17910174349181,0.0071678288755671815,0.002928724627572548,1.1307384300069765,0.13172367733054494,CM_other,0.8435895086067219,0.02247033072493461,0.0071678288755671815,0.13172367733054494,0.0025820652421947024,1.1307384300069765
000002,2020,1869177094005.55,1519332620662.33,12577342742.17,1547387061234.69,1317492688869.78,41515544941.31,4775062695.99,0,房地产业,,K70,2186795.89,10.083473311468216,0.8128350307388363,0.0222106000947959,28.256519393260163,0.0067288127928089485,0.0029232067548850367,1.1744938505595248,0.08049324992532138,CM_other,0.8128350307388363,0.0222106000947959,0.0067288127928089485,0.08049324992532138,0.0025546336467013337,1.1744938505595248
000002,2021,1938638128699.08,1545865352173.99,12821059774.78,1600268307291.9,1311446467338.73,22524033383.22,5543163549.91,0,房地产业,,K70,2382899.56,8.967625689108093,0.7973975799244908,0.011618482608889322,28.29300684697362,0.0066134363009684284,0.0030219907628019744,1.2202315131774044,0.037161291413366625,CM_other,0.7973975799244908,0.011618482608889322,0.0066134363009684284,0.037161291413366625,0.002859308020331639,1.2202315131774044
000002,2022,1757804935896.04,1352168105932.49,16420265134.96,1415356379958.52,1077801572017.84,22688551801.52,5940643542.02,0,房地产业,,K70,2664320.84,11.81003533359164,0.7692367215041543,0.01290732056680369,28.195086951069396,0.009341346584960964,0.0034737933892278593,1.313188268327273,-0.09327846704654873,CM_other,0.7692367215041543,0.01290732056680369,0.009341346584960964,-0.09327846704654873,0.003379580646695454,1.313188268327273
000002,2023,1504850172117.83,1101916641170.57,19233034944.88,1150260062360.68,821785258492.1,12162684368.86,6410516416.719999,0,房地产业,,K70,2922713.33,9.698249779857605,0.7322434230245014,0.008082322475826955,28.039714455763537,0.012780697574571597,0.004259903434571328,1.3997088052799838,-0.14390377374225907,CM_other,0.7322434230245014,0.008082322475826955,0.012780697574571597,-0.14390377374225907,0.004259903434571328,1.3997088052799838
000002,2024,1286259859765.82,947405197282.08,20610539756.61,917512076855.03,719061817650.72,-49478429211.96,6411815780.969999,0,房地产业,,K70,3135322.3,7.274369600935171,0.7365581613147495,-0.0384668998540996,27.882759789578078,0.016023620421741536,0.004984852580362223,1.275984976997772,-0.1452571933087398,CM_other,0.7365581613147495,-0.0384668998540996,0.016023620421741536,-0.1452571933087398,0.004984852580362223,1.275984976997772
000002,2025,1020622831532.86,784762773496.17,19015781619.26,697373854032.79,565197947462.75,-88556470495.64,8043460871.889999,0,房地产业,,K70,3402948.06,8.535829314900113,0.7689057595522777,-0.08676708746818666,27.651434176022573,0.018631546377127824,0.007880933703794998,1.2338577257107808,-0.2032360761241407,CM_other,0.7689057595522777,-0.08676708746818666,0.018631546377127824,-0.206518944221211,0.007880933703794998,1.2338577257107808
000006,2011,8321974063.4,5433044372.47,6963236.71,7025457983.59,5044612359.2,433967868.62,33436450.700000003,0,房地产业,,K70,851590.9,17.32297305487116,0.6528552397639044,0.05214722676541237,22.842165330871687,0.0013828375944256188,0.004017850866305069,1.3926655773218088,-0.028748775686699406,CM_other,0.6528552397639044,0.05214722676541237,0.0008367289608152325,-0.028748775686699406,0.004017850866305069,1.3926655773218088
000006,2012,9343430259.57,5794468428.18,5390949.45,7726927034.76,4524701407.64,617150754.0,41052197.35,0,房地产业,,K70,974148.8,14.391640399163496,0.6201650001341875,0.06605183929830095,22.95793928724029,0.0010184847994384105,0.004393696555711145,1.7077208723017638,0.12274205475625781,CM_other,0.6201650001341875,0.06605183929830095,0.0005769775446740586,0.12274205475625781,0.004393696555711145,1.7077208723017638
000006,2013,10068536361.32,5881627553.2,5397009.33,7803677608.77,3179700594.59,696085752.22,61653635.95,0,房地产业,,K70,1106524.98,13.588907567303888,0.5841591411235575,0.06913475079596794,23.032681186670164,0.0006618217729254937,0.006123396066468306,2.4542177405153547,0.07760598426978259,CM_other,0.5841591411235575,0.06913475079596794,0.0005360271976305843,0.07760598426978259,0.006123396066468306,2.4542177405153547
000006,2014,11753217519.19,7538751702.75,4186309.48,9473790871.4,5404446336.58,508030702.22,66640908.84,0,房地产业,,K70,1228374.807,11.011936395688071,0.6414202485779869,0.043224819194447456,23.187392871472024,0.0009001251684688943,0.005670014081777388,1.7529623353416681,0.1673213560952107,CM_other,0.6414202485779869,0.043224819194447456,0.0003561841234678782,0.1673213560952107,0.005670014081777388,1.7529623353416681
000006,2015,12703504209.26,8208379056.36,3374464.8,10470662335.09,4258388071.3,416752839.52,67356519.32000001,0,房地产业,,K70,1392278.10919881,13.34310189893124,0.6461507723496202,0.032806132280903656,23.26514371434046,0.0012768666369704404,0.005302199945027895,2.458832346835294,0.08085332280445115,CM_other,0.6461507723496202,0.032806132280903656,0.0002656325958895847,0.08085332280445115,0.005302199945027895,2.458832346835294
000006,2016,13170385529.96,8040509904.22,2841290.68,11082483223.75,4554622278.84,778580909.98,79362399.74,0,房地产业,,K70,1550066.66781086,11.333120701211753,0.6104992056557073,0.059116030294548615,23.30123662561863,0.0012535728652639912,0.0060258220656841345,2.4332387068050254,0.03675216798524566,CM_other,0.6104992056557073,0.059116030294548615,0.0002157332960023555,0.03675216798524566,0.0060258220656841345,2.4332387068050254
000006,2017,13139931309.25,7432572286.19,2928689.07,10583259880.66,6355662346.38,805636364.61,75416648.85,0,房地产业,,K70,1690235.31468079,9.042749565596964,0.5656477276222713,0.06131206820258363,23.298921622382668,0.0009012826609695259,0.005739500997003661,1.6651702535280082,-0.002312325682549065,CM_other,0.5656477276222713,0.06131206820258363,0.00022288465602086647,-0.002312325682549065,0.005739500997003661,1.6651702535280082
000006,2018,13536728184.79,7150590828.83,6677730.19,10427435319.49,5436698858.05,874243319.22,78712083.14,0,房地产业,,K70,1826744.21571345,8.076325222115033,0.5282362718093485,0.06458305930987876,23.32867243452097,0.0014100817564325799,0.005814705153675292,1.917971841322483,0.03019778918179514,CM_other,0.5282362718093485,0.06458305930987876,0.0004933045931662544,0.03019778918179514,0.005814705153675292,1.917971841322483
000006,2019,15745320850.65,8575092304.85,13144374.38,12475939203.92,5153923690.79,801163074.41,82642086.07,0,房地产业,,K70,1986488.82,8.744771321154033,0.5446121032519958,0.050882613444928705,23.4798090692308,0.0016581037291347998,0.00524867589894736,2.420668203957764,0.16315557464924166,CM_other,0.5446121032519958,0.050882613444928705,0.0008348114658747887,0.16315557464924166,0.00524867589894736,2.420668203957764
000006,2020,15434760023.28,7596761855.69,44081034.37,11766743483.42,4154819374.47,864638857.34,83190445.56,0,房地产业,,K70,2186795.89,10.083473311468216,0.49218529113714277,0.05601893751738797,23.459887947211158,0.003322436468814529,0.005389811401960587,2.813387139360441,-0.019724007552197855,CM_other,0.49218529113714277,0.05601893751738797,0.002855958518533057,-0.019724007552197855,0.005389811401960587,2.8320710054744556
000006,2021,23601034832.62,15416658976.27,42478976.98,19570826045.55,9242449329.44,541690150.63,99794779.5,0,房地产业,,K70,2382899.56,8.967625689108093,0.6532196187839178,0.022951966067238157,23.884556396856475,0.002087778605755862,0.004228406940956223,2.113342036632937,0.49868738684889524,CM_other,0.6532196187839178,0.022951966067238157,0.0017998777291446555,0.5290833674785314,0.004228406940956223,2.1174934639036636
000006,2022,26399055778.94,17929595582.11,54137020.21,22270681628.75,10997562974.39,419619088.67,108349487.58,0,房地产业,,K70,2664320.84,11.81003533359164,0.6791756391686342,0.01589523095764484,23.996594080509823,0.002281107229379503,0.004104294050790879,2.0250560674771028,0.11855501109013811,CM_other,0.6791756391686342,0.01589523095764484,0.002050718050801958,0.11855501109013811,0.004104294050790879,2.0250560674771028
000006,2023,25919169551.13,18477436848.52,41448300.39,21787472049.07,12557700471.25,-802652783.79,75378581.67,0,房地产业,,K70,2922713.33,9.698249779857605,0.71288691607461,-0.030967534750935204,23.978248668994773,0.001823558877453352,0.002981526137272336,1.7349889893417136,-0.01817815878827112,CM_other,0.71288691607461,-0.030967534750935204,0.0015991368978175065,-0.01817815878827112,0.002908217468978041,1.7349889893417136
000006,2024,17226824619.46,11536088868.9,61368475.72,15282085745.44,7601480626.4,-1568365378.32,113651273.47,0,房地产业,,K70,3135322.3,7.274369600935171,0.6696584613666088,-0.09104204709603428,23.569733576796914,0.0035623788524947373,0.006597343154095602,2.0104090895614735,-0.3176937170803685,CM_other,0.6696584613666088,-0.09104204709603428,0.0035623788524947373,-0.33536355840887816,0.006597343154095602,2.0104090895614735
000006,2025,16377088278.76,10241536877.48,60841589.75,14594150602.25,8048026801.22,-42257500.5,117262873.8,0,房地产业,,K70,3402948.06,8.535829314900113,0.6253576156613013,-0.0025802816581751704,23.519149138810555,0.003715043157513385,0.007160178403146436,1.8133824554408384,-0.04932634768569642,CM_other,0.6253576156613013,-0.0025802816581751704,0.003715043157513385,-0.04932634768569642,0.007160178403146436,1.8133824554408384
000007,2011,362415187.93,70098488.49,88661889.83,145842522.3,70098488.49,5701718.89,25157556.24,0,房地产业,,K70,851590.9,17.32297305487116,0.19342039413519121,0.01573256055455733,19.708301040554044,0.24464176111494787,0.06941639610550523,2.080537333138152,0.09022765884998035,CM_other,0.19342039413519121,0.01573256055455733,0.24464176111494787,0.09022765884998035,0.06941639610550523,2.080537333138152
000007,2012,789680006.5,492885427.65,85168886.21,586875557.7,492885427.65,6635855.05,23646307.369999997,0,房地产业,,K70,974148.8,14.391640399163496,0.6241584231498458,0.0084032202859121,20.48713836630509,0.10785240288339501,0.029944163680684498,1.1906936678938354,1.178937397768566,CM_other,0.6241584231498458,0.0084032202859121,0.10785240288339501,1.178937397768566,0.029944163680684498,1.1906936678938354
000007,2013,657511920.77,304266441.06,82333189.68,421769708.21,304266441.06,23267539.95,19415348.51,0,房地产业,,K70,1106524.98,13.588907567303888,0.46275425805767784,0.03538725187332241,20.303973452300507,0.1252193109800673,0.029528511798330666,1.386185432546039,-0.155833009555183,CM_other,0.46275425805767784,0.03538725187332241,0.1252193109800673,-0.16736916807073807,0.029528511798330666,1.386185432546039
000007,2014,680925246.96,322959007.89,76908719.0,460391046.18,311820361.5,-30193896.42,17956425.65,0,房地产业,,K70,1228374.807,11.011936395688071,0.4742943653974571,-0.04434245396950849,20.338963088573255,0.11294737468372631,0.02637062692295036,1.4764624220346176,0.03560897597503806,CM_other,0.4742943653974571,-0.04434245396950849,0.11294737468372631,0.03560897597503806,0.02637062692295036,1.4764624220346176
000007,2015,480364514.33,107528386.62,72012821.94,287986678.02,107528386.62,13996195.46,8913296.040000001,0,房地产业,,K70,1392278.10919881,13.34310189893124,0.22384748126113732,0.029136614055518928,19.99005577851841,0.14991286781547888,0.018555275783499612,2.6782386221206003,-0.27584474284384464,CM_other,0.22384748126113732,0.029136614055518928,0.14991286781547888,-0.29454148384922746,0.018555275783499612,2.6782386221206003
000007,2016,514367695.08,77135641.4,83871807.99,242657552.57,76684352.42,78019021.13,9348152.57,0,房地产业,,K70,1550066.66781086,11.333120701211753,0.1499620643710975,0.14261894385762341,20.0584489277492,0.16305807847624518,0.01817406625535858,3.164368543415027,0.07078620450852154,CM_other,0.1499620643710975,0.15167947341223606,0.16305807847624518,0.07078620450852154,0.01817406625535858,3.164368543415027
000007,2017,442675592.96,52248511.41,69828221.54,193336839.95,51964687.05,16453651.05,9471025.04,0,房地产业,,K70,1690235.31468079,9.042749565596964,0.14518848153574246,0.037168642933261394,19.908347763948512,0.15774129554576474,0.021394956466135682,3.5548398386895728,-0.13937909166097548,CM_other,0.11802889574425025,0.037168642933261394,0.15774129554576474,-0.13937909166097548,0.021394956466135682,3.7205427555827066
000007,2018,544709995.47,350483115.41,66456511.05,284395070.91,42155457.19,-196212068.92,9898686.21,0,房地产业,,K70,1826744.21571345,8.076325222115033,0.6434306664550695,-0.34243795755864814,20.115764092598607,0.1220034726784449,0.018172396857632424,6.24488423153131,0.23049475537545583,CM_other,0.6434306664550695,-0.36021382121086193,0.1220034726784449,0.23049475537545583,0.018172396857632424,6.7463405657823925
000007,2019,533693420.89,320889069.83,60078260.28,391566275.74,41779498.62,22287512.19,9573046.09,0,房地产业,,K70,1986488.82,8.744771321154033,0.6012610560101671,0.04176088989973459,20.095332113871997,0.11257073429875161,0.01793735076223304,8.60085452463593,-0.02022466022584082,CM_other,0.6012610560101671,0.04176088989973459,0.11257073429875161,-0.02022466022584082,0.01793735076223304,9.372210980831536
000007,2020,364394022.55,296592037.45,46220623.87,249274875.15,197869885.71,-122912266.31,9463163.24,0,房地产业,,K70,2186795.89,10.083473311468216,0.8137895895053344,-0.3025202871448063,19.713746319675472,0.12684243157050656,0.025969589659505243,1.259791879171243,-0.29869965683644556,CM_other,0.8139322247233168,-0.33730593452074176,0.12684243157050656,-0.31722219482801983,0.025969589659505243,1.259791879171243
000007,2021,432015468.58,317966862.39,46728899.22,304802952.35,203474738.28,39970569.46,13201701.86,0,房地产业,,K70,2382899.56,8.967625689108093,0.7360080495152903,0.09044685615817331,19.88397195246548,0.1081648751457769,0.03055840084474968,1.4979891603574054,0.18557232513527674,CM_other,0.7360080495152903,0.09252115344707457,0.1081648751457769,0.18557232513527674,0.03055840084474968,1.4979891603574054
000007,2022,355471251.45,253264740.21,46368887.8,239490029.36,128296881.16,-5340611.62,16244419.94,0,房地产业,,K70,2664320.84,11.81003533359164,0.7124760136773644,-0.015024032458926435,19.688954936005093,0.1304434257646913,0.04569826638226724,1.8666862919397877,-0.17717934355821718,CM_other,0.7124760136773644,-0.015024032458926435,0.1304434257646913,-0.17717934355821718,0.04569826638226724,1.8666862919397877
000007,2023,398229565.98,260206361.85,44342714.17,278872131.16,129108460.84,35969277.16,14983012.06,0,房地产业,,K70,2922713.33,9.698249779857605,0.6534079437564114,0.09032297004739838,19.802539195908864,0.1113496283503646,0.03762405742810287,2.1599833918367084,0.12028628012978525,CM_other,0.6534079437564114,0.09032297004739838,0.1113496283503646,0.12028628012978525,0.03762405742810287,2.1599833918367084
000007,2024,318805983.54,127253547.62,45107012.48,210858777.29,112543105.81,56421651.57,15698340.55,0,房地产业,,K70,3135322.3,7.274369600935171,0.3991567103195029,0.1609923840610314,19.58009327365025,0.14148734593728382,0.049241047409733944,1.8735823555996458,-0.19944170203572686,CM_other,0.3991567103195029,0.17697801949479683,0.14148734593728382,-0.19944170203572686,0.049241047409733944,1.8735823555996458
000008,2011,587282890.12,74503515.01,461183016.2,93781024.34,74503515.01,33989479.2,91227326.81,0,制造业,,C37,851590.9,17.32297305487116,0.13108360530402796,0.0578758206169686,20.191017186950713,0.765112771985344,0.14612973078821556,1.258746306498593,5.825051616538474,CM_other,0.12686137509433765,0.0578758206169686,0.7852825681772647,6.53581616418792,0.15533796121892712,1.258746306498593
000008,2012,613829627.28,73003221.58,365035833.26,160649196.68,73003221.58,39129030.59,96970810.18,0,制造业,,C37,974148.8,14.391640399163496,0.12593378900694432,0.06374575102115622,20.23522796760672,0.5946859145224803,0.1493166921946364,2.200576812955492,0.045202640169843274,CM_other,0.11893075592244001,0.06374575102115622,0.5946859145224803,0.045202640169843274,0.157976750991471,2.200576812955492
000008,2013,626625950.69,63041591.05,336368745.83,208793926.86,63041591.05,22757953.94,77502440.39999999,0,制造业,,C37,1106524.98,13.588907567303888,0.10081038457538702,0.03631824362674481,20.255860350706175,0.5358080931008173,0.11938931303808971,3.3120028124670884,0.020846702148775577,CM_other,0.10060482011730071,0.03631824362674481,0.5367935136736876,0.020846702148775577,0.12368214293496671,3.3120028124670884
000008,2014,674028043.8,75677281.52,307026028.72,234707483.68,74980962.53,7767773.9,73794264.44,0,制造业,,C37,1228374.807,11.011936395688071,0.11580462354158107,0.011524407584300575,20.32878227602286,0.45550927968673943,0.10740070719038682,3.130227670604964,0.0756465528722578,CM_other,0.1122761615278655,0.011524407584300575,0.45550927968673943,0.0756465528722578,0.10948248387999787,3.130227670604964
000008,2015,3589354694.52,681292694.72,428071797.56,1653063812.12,631550134.56,185671528.19,102421909.2,0,制造业,,C37,1392278.10919881,13.34310189893124,0.18980924224628865,0.05038984252682932,22.0012382724594,0.1192614923828935,0.028534908895008707,2.6174704455912865,4.325230496767055,CM_other,0.18980924224628865,0.05172838685278765,0.1192614923828935,4.325230496767055,0.028534908895008707,2.6174704455912865
000008,2016,8192656625.83,2020170574.43,182830843.63,4415379602.65,1966552673.91,521866228.2,100504380.34,0,制造业,,C37,1550066.66781086,11.333120701211753,0.24658308857480477,0.06369926777532063,22.826504056551624,0.02231642945385586,0.012267617810702262,2.245238411982689,1.1832783668549174,CM_other,0.24658308857480477,0.06369926777532063,0.02231642945385586,1.2824873335416056,0.012267617810702262,2.245238411982689
000008,2017,10678315229.7,3491262205.66,245093104.21,6481932951.62,3429077484.47,873780534.16,81475574.72,0,制造业,,C37,1690235.31468079,9.042749565596964,0.3269487864480364,0.0818275650572406,23.091480908006524,0.022952413272864743,0.007630002764236526,1.890284772209471,0.3034008035968648,CM_other,0.3269487864480364,0.0818275650572406,0.022952413272864743,0.3034008035968648,0.007630002764236526,1.890284772209471
000008,2018,10466364830.02,3061512834.88,307839487.05,5632607970.79,2771347873.62,325051555.98,99669504.41,0,制造业,,C37,1826744.21571345,8.076325222115033,0.2973150565411921,0.03105677675668973,23.07143260288051,0.029412264148010955,0.009522838734239836,2.0324434995714036,-0.019848674170106412,CM_other,0.2925096616256735,0.03105677675668973,0.029412264148010955,-0.019848674170106412,0.009522838734239836,2.0324434995714036
000008,2019,12044543142.96,4468062797.72,443826748.35,6618083693.42,4102461891.07,434380320.18,135242669.07,0,制造业,,C37,1986488.82,8.744771321154033,0.3709615835725218,0.03606449119939382,23.21187754310836,0.0368487823142894,0.011228542873296854,1.6131980915717605,0.15078571582116185,CM_other,0.3709615835725218,0.03606449119939382,0.0368487823142894,0.15078571582116185,0.011228542873296854,1.6131980915717605
000008,2020,12828310640.73,6159732582.73,450512042.62,6177752001.08,4585498747.3,-894441536.86,155466506.22,0,制造业,,C37,2186795.89,10.083473311468216,0.4801670894352055,-0.06972403162893018,23.274920334319013,0.035118579151772356,0.012119016336133338,1.347236656583439,0.06507241399422528,CM_other,0.4801670894352055,-0.06972403162893018,0.035118579151772356,0.06507241399422528,0.012119016336133338,1.347236656583439
000008,2021,12384892306.63,7048782810.2,412660221.56,6109508394.42,5538349914.31,-1394382238.74,213617405.69,0,制造业,,C37,2382899.56,8.967625689108093,0.5691436498342887,-0.10060363604430482,23.239743204382023,0.0333196455280512,0.017248224724218577,1.1031279151637277,-0.034565606221924755,CM_other,0.5691436498342887,-0.112587352737298,0.0333196455280512,-0.034565606221924755,0.017248224724218577,1.1031279151637277
000008,2022,11248084947.03,6767929022.88,435737499.27,5058412119.45,5889374210.02,-846257790.47,197690517.82,0,制造业,,C37,2664320.84,11.81003533359164,0.6016961158056543,-0.07523572185445222,23.143463724175927,0.03873881654717181,0.017575482293294663,0.8823635720574055,-0.09178984616535034,CM_other,0.6016961158056543,-0.07523572185445222,0.03873881654717181,-0.09178984616535034,0.017575482293294663,0.858904857980288
000008,2023,10655455517.04,7001062360.39,513064358.17,4872861669.56,6423532570.4,-828273298.53,208982029.02,0,制造业,,C37,2922713.33,9.698249779857605,0.6570401752598971,-0.07773232192705803,23.089337853065107,0.04815039182037007,0.019612679034303127,0.7647736051980747,-0.052687140324849745,CM_other,0.6570401752598971,-0.07773232192705803,0.04815039182037007,-0.052687140324849745,0.019612679034303127,0.7585953081353431
000008,2024,9957262709.58,6849114661.31,482035709.93,4454996237.1,5419453699.56,-545308746.31,171557705.09,0,制造业,,C37,3135322.3,7.274369600935171,0.6878511555912236,-0.05476492508180506,23.021568042415264,0.04841046419978733,0.01722940431459565,0.8220378813203435,-0.06552444485770359,CM_other,0.6878511555912236,-0.05476492508180506,0.04841046419978733,-0.06552444485770359,0.01722940431459565,0.8220378813203435
000008,2025,8718108829.55,6440810763.29,404864370.98,4064940652.79,4433802865.63,-835213824.83,178708795.1,0,制造业,,C37,3402948.06,8.535829314900113,0.7387853133306727,-0.09544077558097859,22.888668174000824,0.04532715498578395,0.020134347384437725,0.9294888447626706,-0.12444724179445382,CM_other,0.7387853133306727,-0.09580217925234492,0.04643947201114462,-0.12444724179445382,0.02049857355465295,0.9168068080564993
000009,2011,11785629478.31,7665398227.94,988179744.87,8772823726.96,4775183846.0,269923293.62,188108108.92,0,工业,电气部件与设备,Z03010301,851590.9,17.32297305487116,0.6504021055512751,0.022902747292095054,23.190146785426087,0.08384615744866435,0.015960802879998036,1.8371698367820284,0.17566519043208748,CM_other,0.6504021055512751,0.022902747292095054,0.08384615744866435,0.17566519043208748,0.015960802879998036,1.8371698367820284
000009,2012,13171329970.76,8477977308.4,1171521053.72,9625613014.8,6636305719.0,160460653.96,133764745.16,0,工业,电气部件与设备,Z03010301,974148.8,14.391640399163496,0.6436690392861527,0.012182570349100535,23.30130833247465,0.08894478054385893,0.010155750820680536,1.4504474962992584,0.11757543328510471,CM_other,0.6436690392861527,0.012182570349100535,0.08894478054385893,0.11757543328510471,0.010155750820680536,1.4504474962992584
000009,2013,13611801387.92,8559070247.89,1580430865.74,9410692553.66,7229715938.23,292399996.79,150300676.5,0,工业,电气部件与设备,Z03010301,1106524.98,13.588907567303888,0.6287977618807954,0.021481359333489457,23.33420300252358,0.11610739979960165,0.011041938698384669,1.301668369001501,0.03344168114669017,CM_other,0.6287977618807954,0.021481359333489457,0.11610739979960165,0.03344168114669017,0.011041938698384669,1.301668369001501
000009,2014,14725495570.64,9261367292.35,1654628246.56,10147248049.59,6150755294.24,303325021.75,183683052.02000004,0,工业,电气部件与设备,Z03010301,1228374.807,11.011936395688071,0.6289341671336012,0.020598629111999174,23.412846220969694,0.11236485988689116,0.012473811230246889,1.6497564224498733,0.08181828040103231,CM_other,0.6289341671336012,0.020598629111999174,0.11236485988689116,0.08181828040103231,0.012473811230246889,1.6497564224498733
000009,2015,18113933205.77,11560350527.06,2252462264.2,12534468630.27,8242044558.45,750494524.96,220859242.79,0,工业,电气部件与设备,Z03010301,1392278.10919881,13.34310189893124,0.6382021174383912,0.04143189203772365,23.61994726945558,0.12434970575482204,0.012192782223556374,1.5207960283858541,0.2301068659370581,CM_other,0.6382021174383912,0.04143189203772365,0.12434970575482204,0.2301068659370581,0.012192782223556374,1.5207960283858541
000009,2016,21622925841.2,13488187993.04,2988464386.74,14100133636.79,9973637013.83,233383867.18,294427009.01,0,工业,电气部件与设备,Z03010301,1550066.66781086,11.333120701211753,0.6237910675039087,0.010793352800355717,23.797019970306426,0.13820814115015945,0.013616427821668942,1.4137404055549616,0.19371787427769957,CM_other,0.6237910675039087,0.010793352800355717,0.13820814115015945,0.19371787427769957,0.013616427821668942,1.4137404055549616
000009,2017,27109464910.13,17163559482.16,3714894926.65,18214882103.12,11095473345.47,133203837.23,433336229.75000006,0,工业,电气部件与设备,Z03010301,1690235.31468079,9.042749565596964,0.6331205554612953,0.004913554644902847,24.023148762531836,0.1370331335924618,0.015984683990869743,1.6416498454801547,0.2537371264750874,CM_other,0.6331205554612953,0.004913554644902847,0.1370331335924618,0.2537371264750874,0.015984683990869743,1.6416498454801547
000009,2018,29849801106.4,19399254079.98,4184108030.6,20135017881.68,12857121626.16,213780584.63,500563275.07,0,工业,电气部件与设备,Z03010301,1826744.21571345,8.076325222115033,0.6498955892815201,0.0071618763511346805,24.119444013660647,0.14017205728392268,0.016769400683298887,1.5660595323849067,0.10108411233325444,CM_other,0.6498955892815201,0.0071618763511346805,0.14017205728392268,0.10108411233325444,0.016769400683298887,1.5660595323849067
000009,2019,30209805595.97,19502215277.67,4663303248.79,19695647223.85,12308558110.72,301136296.48,986726614.19,0,工业,电气部件与设备,Z03010301,1986488.82,8.744771321154033,0.6455591121139688,0.009968163996400286,24.131432397235574,0.15436389466246966,0.03266246156584436,1.6001587713752026,0.012060532272451633,CM_other,0.6455591121139688,0.009968163996400286,0.15436389466246966,0.012060532272451633,0.03266246156584436,1.6001587713752026
000009,2020,31856615637.93,18611186207.17,4599721483.8,21167803566.99,11554416639.73,661761423.4,1012647176.43,0,工业,电气部件与设备,Z03010301,2186795.89,10.083473311468216,0.5842173072839111,0.02077312389116675,24.184510909732253,0.14438826572410138,0.03178765716796024,1.8320097177562609,0.054512434273317006,CM_other,0.5842173072839111,0.02077312389116675,0.14438826572410138,0.054512434273317006,0.03178765716796024,1.8320097177562609
000009,2021,37073195202.73,21414358734.26,4928474079.05,23879391962.19,15427100564.11,1035599088.75,1213381640.64,0,工业,电气部件与设备,Z03010301,2382899.56,8.967625689108093,0.5776237687946326,0.02793390435021744,24.336160044155847,0.13293901569851946,0.0327293515976915,1.5478859337796516,0.16375184432927947,CM_other,0.5776237687946326,0.02793390435021744,0.13293901569851946,0.16375184432927947,0.0327293515976915,1.5478859337796516
000009,2022,52391453475.9,33549076382.58,7873049206.87,34986065478.91,24191924564.46,1157117454.23,1503009115.7499998,0,工业,电气部件与设备,Z03010301,2664320.84,11.81003533359164,0.6403539920497249,0.022085996426158945,24.68200931336593,0.15027354052110029,0.028688059140053863,1.4461877716958293,0.41318958858021465,CM_other,0.6403539920497249,0.022085996426158945,0.15027354052110029,0.41318958858021465,0.028688059140053863,1.4461877716958293
000009,2023,50100025790.84,29076869622.03,11137252719.43,28938883153.53,15718991033.13,756459343.67,2016341342.09,0,工业,电气部件与设备,Z03010301,2922713.33,9.698249779857605,0.5803763403919494,0.015098981122846182,24.637287359824324,0.22230033904426197,0.04024631345516505,1.8410140378944937,-0.04373666949541797,CM_other,0.5803763403919494,0.015098981122846182,0.22230033904426197,-0.04373666949541797,0.04024631345516505,1.8410140378944937
000009,2024,53774802564.92,32058991536.21,14051313792.48,28907976276.0,15993965718.43,172625210.4,2408907679.49,0,工业,电气部件与设备,Z03010301,3135322.3,7.274369600935171,0.5961712550688878,0.003210150519689906,24.70807084059035,0.26129921677567214,0.04479621615684836,1.8074301761625675,0.07334880004696279,CM_other,0.5961712550688878,0.003210150519689906,0.26129921677567214,0.07334880004696279,0.04479621615684836,1.8074301761625675
000010,2011,238257898.64,144489166.3,39102266.02,179620692.18,143689166.3,5014847.58,7157388.55,0,建筑业,,E48,851590.9,17.32297305487116,0.6064401941121729,0.021047980396978458,19.288864252687766,0.16411739649849874,0.030040509006648227,1.2500642658402006,0.12279117187167929,CM_other,0.6064401941121729,0.021047980396978458,0.16411739649849874,0.12279117187167929,0.030040509006648227,1.2500642658402006
000010,2012,534175079.28,346502137.94,43582374.91,468825628.39,346460630.06,37820211.13,14941890.65,0,建筑业,,E48,974148.8,14.391640399163496,0.6486677334461967,0.0708011522757236,20.096234207009097,0.08158818447454248,0.02797189765973315,1.3531858679262023,1.2344357030112594,CM_other,0.6486677334461967,0.0708011522757236,0.08158818447454248,1.2420036537261723,0.02797189765973315,1.3531858679262023
000010,2013,1027789609.41,368104536.16,43670392.88,959796631.67,365872135.63,3140105.46,11255385.989999998,0,建筑业,,E48,1106524.98,13.588907567303888,0.3581516419214527,0.003055202573805518,20.750676322926644,0.04248962285683048,0.010951060301593362,2.62331163868851,0.849206340761183,CM_other,0.3581516419214527,0.003055202573805518,0.04248962285683048,0.924068810539289,0.010951060301593362,2.62331163868851
000010,2014,804218432.41,252627868.25,48110422.88,695949001.79,197549960.19,-74553205.01,12502073.930000002,0,建筑业,,E48,1228374.807,11.011936395688071,0.31412842340973274,-0.0864158517196777,20.505381472346333,0.05982258170311713,0.015545619729872466,3.522901250502145,-0.21752620862584948,CM_other,0.31412842340973274,-0.09270268126855355,0.05982258170311713,-0.21752620862584948,0.015545619729872466,3.522901250502145
000010,2015,5162182903.59,2991880915.67,57220652.44,3443557674.14,2252193438.74,20970633.23,16120546.7,0,建筑业,,E48,1392278.10919881,13.34310189893124,0.5795766968251589,0.004062357654049053,22.364625370313675,0.011084584469141212,0.003122815870934966,1.5289795338656675,5.276706962435052,CM_other,0.5795766968251589,0.004062357654049053,0.011084584469141212,5.418881606730271,0.003122815870934966,1.5289795338656675
000010,2016,4853287591.16,2643687338.94,69760480.08,3031055667.73,2172452437.97,39877126.94,25454165.83,0,建筑业,,E48,1550066.66781086,11.333120701211753,0.5447209317979287,0.008216518430235624,22.302922166104075,0.014373860763385407,0.0052447264564258215,1.3952230275578796,-0.0598381185244679,CM_other,0.5447209317979287,0.008216518430235624,0.014373860763385407,-0.0598381185244679,0.0052447264564258215,1.3952230275578796
000010,2017,3105153052.01,1925555405.98,62794410.6,2818944678.26,1827387438.15,-1061426865.24,28872830.72,0,建筑业,,E48,1690235.31468079,9.042749565596964,0.6201161017598043,-0.29718882556926424,21.856328843229758,0.020222645888373355,0.00929835993150492,1.5426092023013067,-0.33800594826489655,CM_other,0.6201161017598043,-0.34182755164127143,0.020222645888373355,-0.36019595095376833,0.00929835993150492,1.5426092023013067
000010,2018,3273278297.36,2682467604.24,71030184.83,2618549053.14,2607383471.71,-731500477.92,15169999.37,0,建筑业,,E48,1826744.21571345,8.076325222115033,0.8195049001496428,-0.22347640850152511,21.90905785706952,0.021700013985150004,0.004634497281283742,1.004282293552577,0.05414394799031583,CM_other,0.8195049001496428,-0.22347640850152511,0.021700013985150004,0.05414394799031583,0.004634497281283742,1.004282293552577
000010,2019,4291660034.27,3537929829.06,44091955.9,3572351803.02,3525322893.7,46474799.71,26678522.130000003,0,建筑业,,E48,1986488.82,8.744771321154033,0.8243732730012927,0.010829096279501842,22.179939449414093,0.010273869679311615,0.006216364277916983,1.0133403125722311,0.3111198145698018,CM_other,0.8243732730012927,0.010829096279501842,0.010273869679311615,0.3111198145698018,0.006216364277916983,1.0133403125722311
000010,2020,3541730495.91,2725456208.45,22823798.32,2847617997.29,2719350240.09,39839573.38,21970408.09,0,建筑业,,E48,2186795.89,10.083473311468216,0.7695267078049457,0.01124861799225177,21.98788128530097,0.006444250443775151,0.006203297544906787,1.0471685314046766,-0.1747411333543714,CM_other,0.7695267078049457,0.01124861799225177,0.006444250443775151,-0.1747411333543714,0.006203297544906787,1.0471685314046766
000010,2021,4587490643.01,3729092272.81,18416480.53,3689757688.1,3573376085.42,23458663.0,18857860.78,0,建筑业,,E48,2382899.56,8.967625689108093,0.8108697278279562,0.0051136154437163095,22.246599010654176,0.004014499856923165,0.004110713731641914,1.0325690886987398,0.2952681318659472,CM_other,0.8128828073997384,0.0051136154437163095,0.004014499856923165,0.2952681318659472,0.004110713731641914,1.0325690886987398
000010,2022,3622677862.65,2726252525.33,13849289.17,2762738124.56,2658123667.86,-535790918.99,19037338.44,0,建筑业,,E48,2664320.84,11.81003533359164,0.7525517389878376,-0.13845289050347415,22.010479330374064,0.003822942501398455,0.005255045897477103,1.039356504727345,-0.20600635684025237,CM_other,0.7525517389878376,-0.1478991340947073,0.003822942501398455,-0.210313841583545,0.005255045897477103,1.039356504727345
000010,2023,3137807067.53,2888528584.47,10434651.32,2290247469.33,2841072750.17,-498883121.73,15226563.62,0,建筑业,,E48,2922713.33,9.698249779857605,0.9094503536199059,-0.14842738245761133,21.866790006744427,0.003325459818093241,0.004852613080505919,0.8061206701563554,-0.1338431992860981,CM_other,0.9205564658071135,-0.15899101219206183,0.003325459818093241,-0.1338431992860981,0.004852613080505919,0.8061206701563554
000010,2024,2939615278.83,2596028966.3,7485252.26,2290547766.15,2568809582.69,17621359.94,11377636.75,0,建筑业,,E48,3135322.3,7.274369600935171,0.8831186124917847,0.005994444261772072,21.80154455219359,0.0026633956137166515,0.003979068415414773,0.8916767445843103,-0.06316251587004414,CM_other,0.8831186124917847,0.005994444261772072,0.0025463373775153376,-0.06316251587004414,0.003870450950482346,0.8916767445843103
000011,2011,3552025374.73,2409702628.89,86855289.26,2832847155.4,2242350137.29,261108340.62,72839279.41,0,房地产,房地产管理,60102010,851590.9,17.32297305487116,0.6784024252848049,0.07350970589275355,21.990783805837417,0.024452327924769438,0.020506407394552107,1.2633384538347108,0.21925243164312658,CM_other,0.6784024252848049,0.07350970589275355,0.024452327924769438,0.21925243164312658,0.020506407394552107,1.2633384538347108
000011,2012,3950705938.73,2446687308.74,78821168.21,3190069550.64,2275941029.21,375422129.64,73926230.98,0,房地产,房地产管理,60102010,974148.8,14.391640399163496,0.6193038273880024,0.09211954107927028,22.097160118556985,0.019951160484330547,0.018712157302136347,1.4016485970848296,0.11224034795368118,CM_other,0.6193038273880024,0.09502659409793576,0.019951160484330547,0.11224034795368118,0.018712157302136347,1.4016485970848296
000011,2013,3873252714.32,2069609334.58,75301015.72,3144603881.49,1811534360.18,300840563.81,74782178.23,0,房地产,房地产管理,60102010,1106524.98,13.588907567303888,0.5343336691996218,0.07767129748537889,22.077360485626592,0.019441286503615107,0.019307332556308295,1.7358786841766234,-0.019604907480129507,CM_other,0.5343336691996218,0.07767129748537889,0.019441286503615107,-0.019604907480129507,0.019307332556308295,1.7358786841766234
000011,2014,3883288145.46,1808183396.33,64069233.96,3191649437.49,1493839909.88,417498679.91,75083083.1,0,房地产,房地产管理,60102010,1228374.807,11.011936395688071,0.4656320439275075,0.1058703878730489,22.079948091860075,0.016498707167765577,0.019334924498914805,2.1365404795928797,0.002590956976005558,CM_other,0.4656320439275075,0.10751164072079042,0.016498707167765577,0.002590956976005558,0.019334924498914805,2.1365404795928797
000011,2015,4379763486.1,2278994632.43,85929516.37,3665271757.93,1999449750.43,156819966.71,71268763.38,0,房地产,房地产管理,60102010,1392278.10919881,13.34310189893124,0.5203465072172998,0.03580557881896992,22.200260561269484,0.01961967047826062,0.016272285845156883,1.8331402212742527,0.12784921490320922,CM_other,0.5203465072172998,0.03580557881896992,0.01961967047826062,0.12784921490320922,0.016272285845156883,1.8331402212742527
000011,2016,6654356144.1,4243059321.29,73932007.89,5628030102.19,4105669823.82,354857241.74,76152589.72,0,房地产,房地产管理,60102010,1550066.66781086,11.333120701211753,0.6376363436832359,0.053327058855217664,22.618537536419662,0.011110317255193933,0.011444020739334747,1.3707946190747418,0.5193414359517006,CM_other,0.6376363436832359,0.053327058855217664,0.011110317255193933,0.5193414359517006,0.011444020739334747,1.3707946190747418
000011,2017,5393331548.87,2470775667.73,29346901.33,4505840020.84,2416223746.31,622962734.37,84252387.57,0,房地产,房地产管理,60102010,1690235.31468079,9.042749565596964,0.45811677723533833,0.11550610763036104,22.408429129043945,0.005441330847933631,0.0156215850641803,1.8648273065444427,-0.1895036225778315,CM_other,0.45811677723533833,0.11550610763036104,0.005441330847933631,-0.1895036225778315,0.0156215850641803,1.8648273065444427
000011,2018,7023354613.55,3141837098.97,102516975.36,5603417111.91,3076204235.76,698050728.96,87674458.58,0,房地产,房地产管理,60102010,1826744.21571345,8.076325222115033,0.44734137343834585,0.09636886914525646,22.67250680602099,0.014596582545072736,0.012483273792106644,1.8215361147910363,0.30222934561134474,CM_other,0.44734137343834585,0.0993899307908028,0.014596582545072736,0.30222934561134474,0.012483273792106644,1.8215361147910363
000011,2019,10772491740.53,7505924439.34,93557782.83,9458354001.67,5200678293.3,817805780.12,100652601.51,0,房地产,房地产管理,60102010,1986488.82,8.744771321154033,0.6967677135550733,0.07302189796902873,23.100261660735942,0.008684878585518136,0.009343483748639936,1.8186770010087214,0.5048603007578565,CM_other,0.6967677135550733,0.07591612041280288,0.008684878585518136,0.5338100285790602,0.009343483748639936,1.8186770010087214
000011,2020,12207356912.54,8426235432.71,116233936.04,10595039258.27,4727259896.06,798572121.74,94690404.46,0,房地产,房地产管理,60102010,2186795.89,10.083473311468216,0.6902587917335451,0.06419549808087224,23.225304632556767,0.009521630019730049,0.007756830994490652,2.2412643880867607,0.13319714756536036,CM_other,0.6902587917335451,0.06541728299265726,0.009521630019730049,0.13319714756536036,0.007756830994490652,2.2412643880867607
000011,2021,14835846843.78,10198975172.84,114155590.4,12756478186.25,6463600962.58,1025380909.03,126586699.24,0,房地产,房地产管理,60102010,2382899.56,8.967625689108093,0.6874548706409684,0.06911509129388835,23.420312173237914,0.007694578651427659,0.008532488948756712,1.9735868999496755,0.21532015079692515,CM_other,0.6874548706409684,0.06911509129388835,0.007694578651427659,0.21532015079692515,0.008532488948756712,1.9735868999496755
000011,2022,15824788371.56,11354213865.53,82745172.12,13719792261.56,7505713401.57,537291574.13,209584499.42,0,房地产,房地产管理,60102010,2664320.84,11.81003533359164,0.7174954633791862,0.03395252824332298,23.484843431842048,0.005228832776601804,0.013244063332730639,1.8279131546230072,0.06665891999246522,CM_other,0.7174954633791862,0.03395252824332298,0.005228832776601804,0.06665891999246522,0.013244063332730639,1.8279131546230072
000011,2023,16988062068.09,12284337032.28,66436408.9,15114810796.59,10340219504.74,464014492.11,136808049.85999998,0,房地产,房地产管理,60102010,2922713.33,9.698249779857605,0.72311585530139,0.027314150975560336,23.55577670303392,0.003910770318222034,0.008053187544974727,1.4617495102170035,0.073509589462859,CM_other,0.72311585530139,0.027314150975560336,0.003910770318222034,0.073509589462859,0.008053187544974727,1.4617495102170035
000011,2024,15293205498.3,12062773542.16,52712396.64,13302659023.82,6764666389.45,-1114764922.17,126987638.74,0,房地产,房地产管理,60102010,3135322.3,7.274369600935171,0.7887668509718845,-0.07289282304445055,23.45067448163139,0.0034467853482946747,0.008303533144448755,1.9664915101454945,-0.09976750514548578,CM_other,0.7887668509718845,-0.07289282304445055,0.0034467853482946747,-0.09976750514548578,0.008303533144448755,1.9664915101454945
000011,2025,15428127953.74,12193882036.67,41751582.46,14435984743.03,7417490128.01,33885110.58,106641740.63,0,房地产,房地产管理,60102010,3402948.06,8.535829314900113,0.7895084775959513,0.0020052562194455836,23.459458170863133,0.0027465526430793703,0.006922083953933332,1.9462088245344191,0.00649642995825345,CM_other,0.7903669241811044,0.0021963202976797817,0.0027061988716446197,0.008822379026751363,0.006912163351882787,1.9462088245344191
000012,2011,15281391077.0,7975456538.0,9431688834.0,2935618739.0,4521117543.0,1178229197.0,1201158715.0,0,制造业,,C30,851590.9,17.32297305487116,0.5219064480329836,0.07667111947470057,23.44990165561166,0.6172009332445932,0.07860270762966483,0.7121948808854046,0.22548979823226384,CM_other,0.5219064480329836,0.07710222132678425,0.6172009332445932,0.22548979823226384,0.07860270762966483,0.649312633675094
000012,2012,14335809746.0,7067614986.0,9418430703.0,1718888246.0,4050457973.0,274746219.0,1230150019.0,0,制造业,,C30,974148.8,14.391640399163496,0.49300423981784613,0.019165029661241152,23.386026422025076,0.649510259910116,0.0858095943511833,0.5092285648012067,-0.05689098484302291,CM_other,0.49300423981784613,0.019165029661241152,0.6569863070084301,-0.061877961648608884,0.0858095943511833,0.42436886333791374
000012,2013,15078866777.0,6677954195.0,7979937683.0,2322885855.0,3917345907.0,1535929739.0,1367055709.0,0,制造业,,C30,1106524.98,13.588907567303888,0.4428684392374879,0.1018597592056967,23.43656004928872,0.5292133554208401,0.09066037449745154,0.6478763837238598,0.0518322330001156,CM_other,0.4428684392374879,0.1018597592056967,0.5292133554208401,0.0518322330001156,0.09066037449745154,0.5929744041365301
000012,2014,15284388305.0,6770760155.0,9851117915.0,1520348297.0,5592603484.0,787933030.0,1428613694.0,0,制造业,,C30,1228374.807,11.011936395688071,0.44298535341352674,0.05155149256069623,23.45009777218845,0.6199499704475863,0.09346881703683595,0.38434711333991395,0.01362977278328931,CM_other,0.44298535341352674,0.05155149256069623,0.6445215679175981,0.01362977278328931,0.09346881703683595,0.27184982832228266
000012,2015,15657180160.0,8011708683.0,10199674929.0,2347773184.0,5019078008.0,532653110.0,1603472198.0,0,制造业,,C30,1392278.10919881,13.34310189893124,0.5116955033491803,0.034019734368311697,23.474195444883925,0.6106886266129381,0.09650678221257585,0.5326009831306361,0.0243903679729236,CM_other,0.5116955033491803,0.034019734368311697,0.6514375401426051,0.0243903679729236,0.10241130149964373,0.4677698135509832
000012,2016,17146815630.0,9017624611.0,11457972991.0,2645365508.0,6955222220.0,797721576.0,1796498438.0,0,制造业,,C30,1550066.66781086,11.333120701211753,0.5259066642801478,0.046523015888985796,23.565078315767128,0.6180911780994095,0.10090309620757139,0.45859808318883255,0.09514072488005401,CM_other,0.5259066642801478,0.046523015888985796,0.6682274562370156,0.09514072488005401,0.10477154923488263,0.3803423419589892
000012,2017,19535002368.0,10755379257.0,11540769697.0,4935590342.0,7455847953.0,825388312.0,1959907853.0,0,制造业,,C30,1690235.31468079,9.042749565596964,0.5505696418352234,0.042251764113018814,23.695473686671765,0.5504029739228591,0.09468080052775528,0.7160661742306016,0.13927873195426665,CM_other,0.5505696418352234,0.042251764113018814,0.5907739082696384,0.13927873195426665,0.10032800693234091,0.6619757233667933
000012,2018,19114234184.0,9664801722.0,9930843775.0,4928108169.0,6195246306.0,452965935.0,1984086509.0,0,制造业,,C30,1826744.21571345,8.076325222115033,0.5056337402253939,0.023697833281710306,23.673699139677257,0.49163337900015935,0.09815730404733894,0.8172825598655293,-0.02153919288432,CM_other,0.5056337402253939,0.023697833281710306,0.519552270805222,-0.02153919288432,0.10380151723058956,0.7954660598767807
000012,2019,18201235959.0,8335380431.0,9783037301.0,4733350313.0,6383791688.0,536430818.0,1888130135.0,0,制造业,,C30,1986488.82,8.744771321154033,0.4579568359959857,0.0294722193156751,23.624755338558558,0.5095782102147991,0.09704884317586145,0.7768077288641019,-0.047765357283539284,CM_other,0.4579568359959857,0.0294722193156751,0.5374930209705107,-0.047765357283539284,0.10373636929124984,0.7414637795743814
000012,2020,17882914898.0,7267031012.0,9145644569.0,4639837067.0,3819080668.0,779325592.0,1786701549.0,0,制造业,,C30,2186795.89,10.083473311468216,0.40636725351820213,0.04357933795721181,23.60711161901976,0.4850252890911035,0.09390254188780305,1.2149094167811383,-0.017488980513029346,CM_other,0.40636725351820213,0.04357933795721181,0.5114179998710857,-0.017488980513029346,0.09991109163080691,1.2149094167811383
000012,2021,19935902125.0,8072574720.0,8566299970.0,6306623510.0,3789914804.0,1526392754.0,1849316997.0,0,制造业,,C30,2382899.56,8.967625689108093,0.404926482352501,0.07656502045552654,23.715788070079128,0.4108443765416416,0.08576372800048977,1.6640541637885324,0.11480159910785032,CM_other,0.404926482352501,0.07656502045552654,0.4296921160772402,0.11480159910785032,0.09276314587644978,1.6640541637885324
000012,2022,25904013306.0,12528342003.0,11243236175.0,9326624315.0,7494808594.0,2037202500.0,1932660304.0,0,制造业,,C30,2664320.84,11.81003533359164,0.4836448258038121,0.07864428094345266,23.977663747547403,0.4150183769547304,0.07329219101380813,1.244411274554292,0.2993649920419641,CM_other,0.4836448258038121,0.07864428094345266,0.43403452747593335,0.2993649920419641,0.07460852807515926,1.244411274554292
000012,2023,30362057312.0,15825351143.0,13145568631.0,9441953138.0,8977081920.0,1655614446.0,2384673399.0,0,制造业,,C30,2922713.33,9.698249779857605,0.5212213052751647,0.05452906003657569,24.136459551077838,0.4148171794912529,0.07408439207800523,1.05178422366452,0.1653629843665683,CM_other,0.5212213052751647,0.05452906003657569,0.4329604050185517,0.17209858385022558,0.07854123238406198,1.05178422366452
000012,2024,31220417923.0,17217773951.0,13166391449.0,9494687100.0,9975337284.0,266772318.0,2497153984.0,0,制造业,,C30,3135322.3,7.274369600935171,0.5514908222389845,0.0085448029125667,24.164338138331033,0.4008685530439231,0.07603882659943055,0.9518161471320933,0.028270831656086428,CM_other,0.5514908222389845,0.0085448029125667,0.4217237412219378,0.028270831656086428,0.07998464306784162,0.9518161471320933
000014,2011,1797309398.33,1193075799.8,28632705.07,1613004862.67,642836379.22,57278218.88,16601823.02,0,房地产业,,K70,851590.9,17.32297305487116,0.6638121410306796,0.031868869618787404,21.309556604846744,0.01593087149970092,0.009237042345311197,2.509199719883893,0.13055719306419403,CM_other,0.6638121410306796,0.031868869618787404,0.01593087149970092,0.13055719306419403,0.009237042345311197,2.509199719883893
000014,2012,2020502625.83,1387128070.98,26806675.53,1826963807.84,1236872321.93,27962237.31,16419377.04,0,房地产业,,K70,974148.8,14.391640399163496,0.6865262401775812,0.013839248191282813,21.426612142076117,0.013267330211455736,0.008126382430834557,1.4770835885382483,0.12418186190278853,CM_other,0.6865262401775812,0.013839248191282813,0.013267330211455736,0.12418186190278853,0.008126382430834557,1.4770835885382483
000014,2013,1892715842.28,1229176094.28,28114465.54,1681396588.41,648878331.3,28754423.82,17567327.06,0,房地产业,,K70,1106524.98,13.588907567303888,0.6494245289347355,0.015192150442066305,21.361278588175416,0.014854034035099956,0.009281544893098204,2.5912355326173304,-0.06324504700779915,CM_other,0.6494245289347355,0.015192150442066305,0.014854034035099956,-0.06324504700779915,0.009281544893098204,2.5912355326173304
000014,2014,2236734317.07,1513376905.14,22555595.87,2039568512.42,773035448.72,60783578.72,18427648.72,0,房地产业,,K70,1228374.807,11.011936395688071,0.6766011025942684,0.02717514469918053,21.528282744886457,0.010084164085945889,0.00823863995798089,2.6383893724371092,0.18175917752957005,CM_other,0.6766011025942684,0.02717514469918053,0.010084164085945889,0.18175917752957005,0.00823863995798089,2.6383893724371092
000014,2015,2170514993.03,1397577977.65,20561099.54,1981128600.35,722577977.65,52963507.19,16117274.67,0,房地产业,,K70,1392278.10919881,13.34310189893124,0.6438923398999452,0.024401355143860992,21.49823030031886,0.009472912928971327,0.007425553254299604,2.741750595268782,-0.02960535971332691,CM_other,0.6438923398999452,0.024401355143860992,0.009472912928971327,-0.02960535971332691,0.007425553254299604,2.741750595268782
000014,2016,1873814393.41,1079227652.48,19926842.77,1696687678.17,749227652.48,28596797.03,16795498.05,0,房地产业,,K70,1550066.66781086,11.333120701211753,0.5759522694859883,0.015261275145805157,21.35124197285329,0.01063437384197737,0.008963266644267397,2.2645822969211507,-0.1366959456961923,CM_other,0.5759522694859883,0.015261275145805157,0.01063437384197737,-0.1366959456961923,0.008963266644267397,2.2645822969211507
000014,2017,1528276983.32,728127339.7,17924806.73,1355552681.71,638127339.7,7630332.76,16985885.42,0,房地产业,,K70,1690235.31468079,9.042749565596964,0.47643676352321296,0.004992768224136968,21.147406783069275,0.011728768361779872,0.011114402431881285,2.124266737023491,-0.1844032212076166,CM_other,0.47643676352321296,0.004992768224136968,0.011728768361779872,-0.1844032212076166,0.011114402431881285,2.124266737023491
000014,2018,1917248982.8,966994316.74,15445624.64,1788555368.31,898546171.44,146000417.81,16231362.45,0,房地产业,,K70,1826744.21571345,8.076325222115033,0.5043655390693057,0.0761509950558311,21.37415717405753,0.008056139175749,0.00846596482544239,1.9904991253189372,0.2545166901846579,CM_other,0.5043655390693057,0.0761509950558311,0.008056139175749,0.2545166901846579,0.00846596482544239,1.9904991253189372
000014,2019,1972365635.76,1016442449.77,14152081.1,1852455940.72,976442449.77,21085177.65,13565121.09,0,房地产业,,K70,1986488.82,8.744771321154033,0.5153417963390649,0.010690298628061106,21.402499489611262,0.0071751813372812395,0.006877589450990933,1.8971481024369066,0.02874778052014207,CM_other,0.5153417963390649,0.010690298628061106,0.0071751813372812395,0.02874778052014207,0.006877589450990933,1.8971481024369066
000014,2020,2433688819.31,1479915920.6,25428774.02,2298350518.13,1359994121.98,4374307.33,14005457.05,0,房地产业,,K70,2186795.89,10.083473311468216,0.6080957881129544,0.0017973979644777284,21.61267397588992,0.010448654658819351,0.0057548265574769875,1.6899709204506397,0.23389333863152661,CM_other,0.6080957881129544,0.0017973979644777284,0.010448654658819351,0.23389333863152661,0.0057548265574769875,1.6899709204506397
000014,2021,2538868019.69,1545268782.97,24641200.99,2227983491.84,1411372171.97,35423521.56,20193458.29,0,房地产业,,K70,2382899.56,8.967625689108093,0.6086447861746984,0.013952486417283428,21.654984157100866,0.009705585638519615,0.007953725098504984,1.5785938932961745,0.04321801519794159,CM_other,0.6086447861746984,0.013952486417283428,0.009705585638519615,0.04321801519794159,0.007953725098504984,1.5785938932961745
000014,2022,2990660492.56,1771307265.46,22841572.75,2673243705.65,1750222730.63,248678665.41,20778462.19,0,房地产业,,K70,2664320.84,11.81003533359164,0.5922796217981147,0.08256578245468783,21.818760100475817,0.007637634832447214,0.006947783689152116,1.527373435887074,0.17795035794147523,CM_other,0.5922796217981147,0.0831517539448724,0.007637634832447214,0.17795035794147523,0.006947783689152116,1.527373435887074
000014,2023,2512359371.41,801663438.24,20808400.84,2187366667.52,782295055.26,521765764.33,20201088.34,0,房地产业,,K70,2922713.33,9.698249779857605,0.3190878850226296,0.19242322945565093,21.64448813718703,0.00828241416287583,0.00804068421495872,2.796089087886433,-0.15784798360992625,CM_other,0.3190878850226296,0.2076795900568842,0.00828241416287583,-0.15993160117635927,0.00804068421495872,2.796089087886433
000014,2024,2191149488.72,515757148.52,19132958.45,1819086808.36,489731731.4,16446210.84,23027970.360000003,0,房地产业,,K70,3135322.3,7.274369600935171,0.23538199980198019,0.007505745694059129,21.507692123767196,0.00873192748760235,0.010509538704934374,3.714455673843641,-0.1278518855006515,CM_other,0.23538199980198019,0.007505745694059129,0.00873192748760235,-0.1278518855006515,0.010509538704934374,3.714455673843641
000014,2025,2034048323.46,508262358.26,17053175.17,1849870940.74,497767540.01,-150357687.09,23173748.4,0,房地产业,,K70,3402948.06,8.535829314900113,0.2648964442501596,-0.07392041052114012,21.433293892137176,0.008383859406541457,0.011392919299272348,3.645529972145863,-0.0716980589725867,CM_other,0.24987722877469537,-0.07392041052114012,0.008383859406541457,-0.0716980589725867,0.011392919299272348,3.7163350199630067
000016,2011,16906453313.31,12669826056.83,1779259823.65,13953810267.02,11892471928.76,24972838.12,273368488.75,0,可选消费,白色家电,25201010,851590.9,17.32297305487116,0.7494076860494083,0.002088617964762002,23.55096123884677,0.10524145961762639,0.01616947586131411,1.173331360427683,0.02669341932575738,CM_other,0.7494076860494083,0.0014771186870009899,0.10524145961762639,0.02669341932575738,0.01616947586131411,1.173331360427683
000016,2012,16562917198.06,12316069415.94,1887836271.02,13303718073.36,11757251071.97,45829234.02,301174756.51,0,可选消费,白色家电,25201010,974148.8,14.391640399163496,0.7435930077210415,0.003005659865398092,23.530432129692436,0.11397969623618723,0.018183678207681696,1.1315330421986882,-0.02031982160205909,CM_other,0.7435930077210415,0.0027669783934781696,0.11397969623618723,-0.02031982160205909,0.018183678207681696,1.1315330421986882
000016,2013,15744099307.57,11463181656.07,1908503979.8,12504109237.88,11294245671.42,45820496.73,294312024.77,0,可选消费,白色家电,25201010,1106524.98,13.588907567303888,0.7280938358003325,0.002910328233763669,23.479731484881867,0.12122027068784827,0.018693481222421555,1.107122122331866,-0.04943681603298163,CM_other,0.7280938358003325,0.002910328233763669,0.12122027068784827,-0.04943681603298163,0.018693481222421555,1.107122122331866
000016,2014,16779359276.65,12481902771.63,1783695548.92,12870313630.13,11317411339.06,52623527.86,310238642.94,0,可选消费,白色家电,25201010,1228374.807,11.011936395688071,0.7438843501610756,0.003136206036974869,23.54341535350496,0.1063029594581823,0.018489302113682327,1.1372135592271386,0.06575542677009356,CM_other,0.7438843501610756,0.003136206036974869,0.1063029594581823,0.06575542677009356,0.018489302113682327,1.1372135592271386
000016,2015,14250367548.28,11174917131.15,1763503189.5,10560402157.71,10926764350.14,-1256819314.51,366418085.11,0,可选消费,白色家电,25201010,1392278.10919881,13.34310189893124,0.7832524781473241,-0.08105214675696916,23.380048536190195,0.12375141788626023,0.02571288662335072,0.966471118009852,-0.1507203991924364,CM_other,0.7841844845958935,-0.0881955718160895,0.12375141788626023,-0.1507203991924364,0.02571288662335072,0.966471118009852
000016,2016,17243119597.97,13924620703.3,1573978914.03,13407622612.24,13649080549.91,95673028.03,301321076.12,0,可选消费,白色家电,25201010,1550066.66781086,11.333120701211753,0.8072631627924347,0.00589532115142086,23.570679036970624,0.09128156335558338,0.01747485856071392,0.9823095821885532,0.21001227088007435,CM_other,0.8075464897279561,0.005548475581023251,0.09128156335558338,0.21001227088007435,0.01747485856071392,0.9823095821885532
000016,2017,23558735469.78,15360545662.39,1587170348.35,18891138468.34,15031253891.7,5057025155.71,304613470.45,0,可选消费,白色家电,25201010,1690235.31468079,9.042749565596964,0.652010617551768,0.20176655958848358,23.8827625215296,0.06737077846924105,0.012929958436892479,1.2567905914204112,0.3662687506124775,CM_other,0.652010617551768,0.21465605240981234,0.06737077846924105,0.3662687506124775,0.012929958436892479,1.2567905914204112
000016,2018,32985061889.03,23533693578.24,2410226495.81,21843297580.24,22675834245.9,411289744.68,448422521.31999993,0,可选消费,白色家电,25201010,1826744.21571345,8.076325222115033,0.7134651939539551,0.012468969925346256,24.219320625897492,0.07307024324885625,0.01359471517223783,0.9632852905594629,0.38862490025615765,CM_other,0.7134651939539551,0.012468969925346256,0.07307024324885625,0.40012022000678404,0.01359471517223783,0.9632852905594629
000016,2019,42586955452.27,32660257665.47,2561254191.55,25422786872.67,22145831594.58,212034210.08,666133196.97,0,可选消费,白色家电,25201010,1986488.82,8.744771321154033,0.7669075499438908,0.004978853450034499,24.474813833289257,0.06014175383869754,0.015641719157796555,1.1479716516444567,0.2910982430635774,CM_other,0.7669075499438908,0.004978853450034499,0.06014175383869754,0.2910982430635774,0.015641719157796555,1.1479716516444567
000016,2020,49876267493.61,39155372368.97,3178642017.84,25138685951.57,26979203650.51,477633250.14,804445127.31,0,可选消费,白色家电,25201010,2186795.89,10.083473311468216,0.7850501718875911,0.009576363151095718,24.632811125239236,0.06373055117340604,0.016128815722087925,0.9467806243367541,0.1711630231353264,CM_other,0.7850501718875911,0.009576363151095718,0.06373055117340604,0.1711630231353264,0.016128815722087925,0.9317801324760301
000016,2021,39874520771.26,29673571422.83,4010295277.14,20601718245.83,23168316040.78,905352997.68,987289548.7,0,可选消费,白色家电,25201010,2382899.56,8.967625689108093,0.7441737442577003,0.0227050502468369,24.409003379703588,0.10057287710478176,0.0247599100780065,0.9078549405303525,-0.1789556544993765,CM_other,0.7441737442577003,0.0227050502468369,0.10057287710478176,-0.2005311789546279,0.0247599100780065,0.8892194931028924
000016,2022,38023319693.08,29560886472.47,4114029693.38,17617066278.93,14908216945.13,-1470466806.68,1002522874.93,0,可选消费,白色家电,25201010,2664320.84,11.81003533359164,0.7763744160403913,-0.03867276236134678,24.361465484584283,0.10819754105080748,0.026366000733819478,1.181701765125231,-0.046425663365320585,CM_other,0.7774409680975302,-0.03867276236134678,0.10819754105080748,-0.046425663365320585,0.026366000733819478,1.181701765125231
000016,2023,35824818212.66,29918195348.52,5218297745.16,16174933460.85,18446302076.31,-2163790053.17,1119617630.5000002,0,可选消费,白色家电,25201010,2922713.33,9.698249779857605,0.8351248335978245,-0.06039919142996087,24.30190673633263,0.14566152755287184,0.031252569764732056,0.8768659102478297,-0.0578198194730512,CM_other,0.8351248335978245,-0.06039919142996087,0.14566152755287184,-0.0578198194730512,0.031252569764732056,0.8768659102478297
000016,2024,30412763900.34,28178112216.55,5005836928.31,12074629185.91,19033045421.09,-3295588668.77,709848130.6899999,0,可选消费,白色家电,25201010,3135322.3,7.274369600935171,0.9208800568628195,-0.1061104274915117,24.138128222382647,0.16459658006466282,0.023340467608143442,0.6587959035258312,-0.15106997278237289,CM_other,0.9265225715389511,-0.10836202456210028,0.16459658006466282,-0.15106997278237289,0.023340467608143442,0.6344034240852718
000017,2013,151511429.85,143812656.67,227824.37,146012605.48,143812656.67,1575223894.89,4117007.38,0,制造业,,C24,1106524.98,13.588907567303888,0.9271886921532596,9.058399549275228,18.836171624622356,0.0015036777768221953,0.027172916156067813,1.0152973240390664,-0.06847654289445243,CM_other,0.9491868488890773,10.396733081124706,0.0015036777768221953,-0.06847654289445243,0.027172916156067813,1.0152973240390664
000017,2014,51489647.55,37993541.48,773961.84,46185688.63,37993541.48,4885678.56,911133.96,0,制造业,,C24,1228374.807,11.011936395688071,0.7378869984127517,0.09488661881508645,17.756891326980448,0.015031406832770213,0.017695478671032387,1.2156194666483617,-0.6026175885755312,CM_other,0.7378869984127517,0.09488661881508645,0.015031406832770213,-0.6601599786829548,0.017695478671032387,1.2156194666483617
000017,2015,45869094.97,32478863.65,1007906.43,41007122.23,32478863.65,-138355.58,1050665.42,0,制造业,,C24,1392278.10919881,13.34310189893124,0.7080772723168468,-0.003016313709491966,17.641302136053877,0.021973540804744597,0.022905736873316818,1.2625787241789785,-0.10915888625071776,CM_other,0.7080772723168468,-0.003016313709491966,0.021973540804744597,-0.10915888625071776,0.022905736873316818,1.2625787241789785
000017,2016,54088275.72,36806464.67,3728955.11,46302124.32,36806464.67,2603637.47,1207650.64,0,制造业,,C24,1550066.66781086,11.333120701211753,0.6804887783913997,0.048136817736219015,17.806128005358353,0.06894202228415944,0.022327401343900707,1.2579889086098417,0.1791877680467782,CM_other,0.6804887783913997,0.048136817736219015,0.06894202228415944,0.1791877680467782,0.022327401343900707,1.2579889086098417
000017,2017,73559961.28,54698990.76,3941117.97,66218014.6,54698990.76,1529587.27,1358188.98,0,制造业,,C24,1690235.31468079,9.042749565596964,0.7435973294193664,0.02079374762281006,18.11361143132723,0.05357694459623837,0.018463698952072095,1.210589330441972,0.35999826766154497,CM_other,0.7435973294193664,0.02079374762281006,0.05357694459623837,0.35999826766154497,0.018463698952072095,1.210589330441972
000017,2018,73242960.17,56262495.43,3502807.32,66793531.67,56262495.43,-1591968.91,1492748.84,0,制造业,,C24,1826744.21571345,8.076325222115033,0.7681625005244515,-0.02173545288591522,18.10929269434869,0.047824491416920294,0.020380782487972454,1.187176842397657,-0.004309424644656357,CM_other,0.7681625005244515,-0.02173545288591522,0.047824491416920294,-0.004309424644656357,0.020380782487972454,1.187176842397657
000017,2019,62733602.58,51292019.49,4191503.33,56346517.09,51292019.49,-7186905.64,1506227.5,0,制造业,,C24,1986488.82,8.744771321154033,0.8176163551996029,-0.0990219478485272,17.95440778836172,0.06681432529966463,0.024009899608096123,1.0985435482996617,-0.13104253271517022,CM_other,0.8176163551996029,-0.11456229746785251,0.06681432529966463,-0.1434862485842645,0.024009899608096123,1.0985435482996617
000017,2020,91742769.99,66100480.31,3792133.36,86757465.88,66100480.31,3785834.68,1523691.16,0,制造业,,C24,2186795.89,10.083473311468216,0.7204979783933381,0.0412657551152277,18.334499240595065,0.041334410988608086,0.016608296873596502,1.3125088573202834,0.43271007654661187,CM_other,0.7204979783933381,0.0412657551152277,0.041334410988608086,0.46241832474082023,0.016608296873596502,1.3125088573202834
000017,2021,97363437.22,73360703.54,3439212.0,91954919.65,73132401.17,-1986692.82,2289877.2199999997,0,制造业,,C24,2382899.56,8.967625689108093,0.7534728193113805,-0.02040491663735041,18.393961310252084,0.03532344479816219,0.02351886175532043,1.2573759124392223,0.06126550605145953,CM_other,0.7534728193113805,-0.02040491663735041,0.03532344479816219,0.06126550605145953,0.02351886175532043,1.2573759124392223
000017,2022,397253487.93,92405938.37,2304402.38,394256179.51,91518596.37,-7616378.75,2004678.22,0,制造业,,C24,2664320.84,11.81003533359164,0.24794818073912203,-0.019172591258259968,19.80008514353135,0.005800836116021864,0.005046345169795574,4.011160881905986,2.733409936320849,CM_other,0.2326120252625267,-0.019172591258259968,0.005800836116021864,3.0801095285119806,0.005046345169795574,4.307935164521798
000017,2023,369677494.32,60276340.13,2288610.1,360263450.17,59257710.01,17901948.24,1283568.4300000002,0,制造业,,C24,2922713.33,9.698249779857605,0.18333592449863048,0.048425853656386575,19.728141546533177,0.006190828858028709,0.003472130302011078,5.652747639329049,-0.06941661797280224,CM_other,0.16305114878814786,0.048425853656386575,0.006190828858028709,-0.06941661797280224,0.003472130302011078,6.079604664257259
000017,2024,434452097.75,66312937.62,2931163.1,421682871.12,63100054.85,16845245.59,2044518.5,0,制造业,,C24,3135322.3,7.274369600935171,0.16339279419592317,0.038773539539204586,19.88959624975665,0.006746803882822315,0.0047059699115010204,6.29688524356117,0.17521922331016954,CM_other,0.15263578646168477,0.038773539539204586,0.006746803882822315,0.17521922331016954,0.0047059699115010204,6.682765524093677
000019,2011,1061964234.64,172087722.05,150807447.25,626923872.86,167637802.05,6980233.57,26585706.639999997,0,批发和零售业,,F51,851590.9,17.32297305487116,0.16204662684175686,0.006572946001676093,20.783386081835598,0.14200802845410598,0.025034465166345648,3.5920860800280168,0.6127782671092512,CM_other,0.16204662684175686,0.006572946001676093,0.14200802845410598,0.6127782671092512,0.025034465166345648,3.7397524018658532
000019,2012,1222994595.75,216823935.23,160018803.58,734830955.55,208162570.98,74529471.28,29480738.69,0,批发和零售业,,F51,974148.8,14.391640399163496,0.17728936495997594,0.06094014768257818,20.924568274794584,0.1308417912361,0.024105371186796596,3.370541422618504,0.15163444855992578,CM_other,0.17728936495997594,0.06094014768257818,0.1308417912361,0.15163444855992578,0.024105371186796596,3.530082051208916
000019,2013,1126831157.86,115146464.68,308220725.48,507006950.52,99401302.78,43662208.27,37481981.93,0,批发和零售业,,F51,1106524.98,13.588907567303888,0.10218608517950306,0.03874778219029749,20.842675245217134,0.27352875657552067,0.03326317493845591,4.868088190871221,-0.07862948718185299,CM_other,0.10218608517950306,0.03874778219029749,0.27352875657552067,-0.07862948718185299,0.03326317493845591,5.100606695690231
000019,2014,1154612267.59,160973937.51,397461013.05,538695764.43,145335170.23,13323820.43,55469586.08,0,批发和零售业,,F51,1228374.807,11.011936395688071,0.13941817701798528,0.011539649113386397,20.86703042550435,0.344237649474843,0.04804174322154103,3.6826977468011126,0.024654190236237335,CM_other,0.13941817701798528,0.011539649113386397,0.344237649474843,0.024654190236237335,0.04804174322154103,3.7065753841791196
000019,2015,1060458757.46,103320748.37,358418473.54,446043901.44,88749326.34,-35256169.1,60437583.18,0,批发和零售业,,F51,1392278.10919881,13.34310189893124,0.10943950792973448,-0.033246148284394594,20.781967441500388,0.3379843591451687,0.05699192236835262,4.812649452237986,-0.08154556535807878,CM_other,0.09743023728473213,-0.033246148284394594,0.3379843591451687,-0.08154556535807878,0.05699192236835262,5.02588492594523
000019,2016,1178543725.3,128805162.44,333013767.86,605614340.61,114815830.78,96620658.92,64804992.84,0,批发和零售业,,F51,1550066.66781086,11.333120701211753,0.11457893239227356,0.08198309222290846,20.887545382155363,0.28256377825543205,0.05498734705282471,5.000321130346466,0.11135272070630622,CM_other,0.10929179772877112,0.08198309222290846,0.28256377825543205,0.11135272070630622,0.05498734705282471,5.274658873221281
000019,2017,5911027724.31,1938204837.42,1052866458.21,3942641518.92,1611935715.57,359174263.44,166740883.38,0,批发和零售业,,F51,1690235.31468079,9.042749565596964,0.3278964213699824,0.06076342054070246,22.500085549068626,0.1781190187756905,0.028208442111386612,2.4459049333278373,3.5476810299386705,CM_other,0.3278964213699824,0.06076342054070246,0.1781190187756905,4.015535357252307,0.028208442111386612,2.4459049333278373
000019,2018,6468951793.87,2131352962.29,993136743.51,4291234452.07,1485378330.77,308331032.44,183989698.49,0,批发和零售业,,F51,1826744.21571345,8.076325222115033,0.3294742378988938,0.047663213804155335,22.590279922113126,0.15352359627275314,0.028441964688058003,2.8889841484663927,0.09438698236272043,CM_other,0.3294742378988938,0.047663213804155335,0.15352359627275314,0.09438698236272043,0.028441964688058003,2.8889841484663927
000019,2019,6775067275.86,2151629144.87,945042032.69,4064555672.95,1182003644.92,363501809.52,178813362.31,0,批发和零售业,,F51,1986488.82,8.744771321154033,0.3245200269790759,0.053652870845309585,22.636515133679108,0.13948821380080542,0.026392854126648088,3.4386997793269036,0.047320723935534006,CM_other,0.31758048403982536,0.053652870845309585,0.13948821380080542,0.047320723935534006,0.026392854126648088,3.4386997793269036
000019,2020,7309384147.93,2514138743.84,1122692490.55,4139487445.7,1539787992.44,405088385.54,187192191.57,0,批发和零售业,,F51,2186795.89,10.083473311468216,0.3520732967377403,0.05542031686140344,22.712424859269852,0.1535960441849186,0.025609844520623856,2.6883489584435765,0.07886517584464527,CM_other,0.34396040664410804,0.05542031686140344,0.1535960441849186,0.07886517584464527,0.025609844520623856,2.6883489584435765
000019,2021,7669618906.32,2972712639.61,2127831149.19,4242554550.44,2034252553.16,428720226.09,238149441.39,0,批发和零售业,,F51,2382899.56,8.967625689108093,0.38984885267382796,0.055898504388102184,22.760532764822592,0.2774363596392778,0.03105101365515796,2.085559407974999,0.04928387277223854,CM_other,0.38759587352644004,0.055898504388102184,0.2774363596392778,0.04928387277223854,0.03105101365515796,2.085559407974999
000019,2022,7441489372.63,2608855590.83,2141336538.86,4067916605.66,2426832951.89,420764671.03,280122009.07,0,批发和零售业,,F51,2664320.84,11.81003533359164,0.3505824520055678,0.05654307222121204,22.73033685025045,0.2877564465436037,0.037643272071353935,1.6762243987547376,-0.02974457225013017,CM_other,0.3505824520055678,0.05654307222121204,0.2877564465436037,-0.02974457225013017,0.037643272071353935,1.6762243987547376
000019,2023,7402926251.19,2521225193.12,2171997328.52,4153610279.33,2371727814.63,347739109.06,287850395.96999997,0,批发和零售业,,F51,2922713.33,9.698249779857605,0.34057143183274585,0.04697319644432523,22.725141198341,0.2933971317316389,0.03888332616088521,1.7513014156634923,-0.005182177855663779,CM_other,0.34057143183274585,0.04697319644432523,0.2933971317316389,-0.005182177855663779,0.03888332616088521,1.7513014156634923
000019,2024,7714550508.01,2793173312.08,2009520283.95,4594312410.23,2608753702.25,325309578.52,309457918.00000006,0,批发和零售业,,F51,3135322.3,7.274369600935171,0.36206559399408356,0.04216831274644346,22.766374058978688,0.2604844289843614,0.04011353839458185,1.7611139013497108,0.042094740140077434,CM_other,0.36206559399408356,0.04216831274644346,0.2604844289843614,0.042094740140077434,0.04011353839458185,1.7611139013497108
000020,2011,668385621.82,391446468.61,207570220.77,361861564.69,205061060.06,10374521.2,35515333.66,0,制造业,,C39,851590.9,17.32297305487116,0.5856596189847704,0.015521759986024827,20.320375843113627,0.3105545870433159,0.05313599290674818,1.7646527555456937,-0.07316752162734101,CM_other,0.5856596189847704,0.015521759986024827,0.3105545870433159,-0.0792246233465194,0.05313599290674818,1.7646527555456937
000020,2012,681645093.97,401464043.06,202743248.34,384120550.19,236315628.96,3241897.7,36751344.19,0,制造业,,C39,974148.8,14.391640399163496,0.5889634453639432,0.004755990659477525,20.340019690284514,0.2974322710359344,0.053915658625157604,1.6254555480755706,0.01983805712919843,CM_other,0.5889634453639432,0.004755990659477525,0.2974322710359344,0.01983805712919843,0.053915658625157604,1.6254555480755706
000020,2013,731348499.86,457684850.39,195542067.03,441132413.34,292661638.58,-6517401.44,37591876.01,0,制造业,,C39,1106524.98,13.588907567303888,0.6258095155423349,-0.007374649581437887,20.410400648102268,0.2673719397352043,0.05140076997108233,1.5073120463631076,0.07291683946629782,CM_other,0.6258095155423349,-0.008911485346927775,0.2673719397352043,0.07291683946629782,0.05140076997108233,1.5073120463631076
000020,2014,1162740984.93,881389715.19,186438814.34,887709872.81,293324131.38,7687620.27,34558194.55,0,制造业,,C39,1228374.807,11.011936395688071,0.7580275629856308,0.006611636099215006,20.87404597280686,0.1603442355231196,0.029721317987325,3.026378595697522,0.5368060115292745,CM_other,0.7580275629856308,0.006611636099215006,0.1603442355231196,0.5898589867246331,0.029721317987325,3.026378595697522
000020,2015,1154989593.34,841052363.64,110607425.5,960660485.24,283747951.83,-4200845.61,32221025.159999996,0,制造业,,C39,1392278.10919881,13.34310189893124,0.7281904256884636,-0.003637128537108279,20.867357170784338,0.09576486761248242,0.027897242837334323,3.3856120512741326,-0.006666481779230312,CM_other,0.7281904256884636,-0.003637128537108279,0.09576486761248242,-0.006666481779230312,0.027897242837334323,3.3856120512741326
000020,2016,632475542.4,312776973.77,81544707.02,349728544.01,310172561.96,5457710.33,23668777.679999996,0,制造业,,C39,1550066.66781086,11.333120701211753,0.4945281719244548,0.008629124707795184,20.265152109676023,0.12892942343757577,0.03742243943565966,1.1275289529158972,-0.4173427214038704,CM_other,0.4945281719244548,0.008629124707795184,0.12892942343757577,-0.45239719383877164,0.03742243943565966,1.1275289529158972
000020,2017,629762731.38,309089753.36,176477314.08,348105150.77,309025342.36,974409.39,23508585.62,0,制造业,,C39,1690235.31468079,9.042749565596964,0.4908035009990051,0.0015472642972453694,20.260853689554768,0.2802282594482608,0.03732927410373364,1.126461500249626,-0.004289195135840214,CM_other,0.4908035009990051,0.0015472642972453694,0.2802282594482608,-0.004289195135840214,0.03732927410373364,1.126461500249626
000020,2018,617090153.46,293122152.72,188083873.38,320250569.67,293057741.72,3295022.72,25069074.06,0,制造业,,C39,1826744.21571345,8.076325222115033,0.4750070165217768,0.005339613185407251,20.240525687014262,0.30479156461243334,0.04062465414403178,1.092790000326902,-0.020122781626392083,CM_other,0.4750070165217768,0.005339613185407251,0.30479156461243334,-0.020122781626392083,0.04062465414403178,1.092790000326902
000020,2019,614163899.86,284735849.97,198229817.31,316673648.39,209339718.97,5460049.15,25464765.26,0,制造业,,C39,1986488.82,8.744771321154033,0.46361541281554675,0.008890215056998026,20.235772388372574,0.32276370746503813,0.041462491145775174,1.5127260605302608,-0.004742019595666266,CM_other,0.46361541281554675,0.008890215056998026,0.32276370746503813,-0.004742019595666266,0.041462491145775174,1.5127260605302608
000020,2020,627779621.06,291530883.77,193605444.53,337861677.02,226422832.77,6830187.4,31064293.52,0,制造业,,C39,2186795.89,10.083473311468216,0.4643841150462209,0.010879912585354864,20.257699740966,0.30839714771737736,0.04948280013860315,1.4921714073032528,0.022169523808064365,CM_other,0.4643841150462209,0.010879912585354864,0.30839714771737736,0.022169523808064365,0.04948280013860315,1.4921714073032528
000020,2021,659933225.57,316482586.26,187889261.5,376358376.46,312000766.08,7201902.02,25685571.179999996,0,制造业,,C39,2382899.56,8.967625689108093,0.4795675895643024,0.01091307687043571,20.307649214487586,0.28470950426494374,0.03892146990752702,1.206273885761864,0.05121798069155073,CM_other,0.4795675895643024,0.01091307687043571,0.28470950426494374,0.05121798069155073,0.03892146990752702,1.206273885761864
000020,2022,608823843.28,255245437.2,170942849.86,345333686.92,202251992.46,10127766.77,39258701.66,0,制造业,,C39,2664320.84,11.81003533359164,0.41924349714176984,0.01663497065988299,20.22703952813381,0.280775550673338,0.06448285837245832,1.7074426942335201,-0.07744629351834148,CM_other,0.41924349714176984,0.01663497065988299,0.280775550673338,-0.07744629351834148,0.06448285837245832,1.7074426942335201
000020,2023,570544943.38,203624225.78,156905219.13,327250952.26,198469615.78,13342311.52,10553032.6,0,制造业,,C39,2922713.33,9.698249779857605,0.3568942782556223,0.02338520685322001,20.16210250309427,0.2750093940022818,0.018496408955063447,1.648871798203871,-0.06287352297796818,CM_other,0.3568942782556223,0.02338520685322001,0.2750093940022818,-0.06287352297796818,0.018496408955063447,1.648871798203871
000020,2024,680192681.5,276533673.57,163832355.78,429695587.9,270739868.57,36738290.33,20212356.85,0,制造业,,C39,3135322.3,7.274369600935171,0.4065519684219066,0.05401159308121724,20.337886671144,0.24086168557225207,0.02971563411330235,1.5871160393538488,0.1899757255963369,CM_other,0.4065519684219066,0.05401159308121724,0.24086168557225207,0.19218072019082172,0.02971563411330235,1.5871160393538488
000021,2011,10336754641.74,6016129692.95,1479862278.18,7567873264.83,5974806320.02,251508997.33,598848792.8000001,0,制造业,,C39,851590.9,17.32297305487116,0.5820133979631055,0.024331524356242546,23.05897179232574,0.14316507738360063,0.05793392738392357,1.266630725664203,0.5505430892230818,CM_other,0.5820133979631055,0.024331524356242546,0.14316507738360063,0.5505430892230818,0.05793392738392357,1.266630725664203
000021,2012,10181363678.63,6025130748.18,1257681854.16,7466563825.62,5996620119.22,93561007.08,601293886.13,0,制造业,,C39,974148.8,14.391640399163496,0.5917803290757943,0.009189437685678422,23.043824795740818,0.1235278390850324,0.05905828581608136,1.245128702031437,-0.015032857845201156,CM_other,0.5917803290757943,0.009189437685678422,0.1235278390850324,-0.015032857845201156,0.05905828581608136,1.245128702031437
000021,2013,13726551759.03,8765406113.45,1224832836.29,10962703321.35,8731273296.52,229931230.46,459288783.61,0,制造业,,C39,1106524.98,13.588907567303888,0.6385730566078758,0.01675083695428023,23.342597878718333,0.08923091959233277,0.03345988065122454,1.255567538553555,0.3482036584000151,CM_other,0.6385730566078758,0.01675083695428023,0.08923091959233277,0.3482036584000151,0.03345988065122454,1.255567538553555
000021,2014,14450420809.11,9391399357.39,1399978041.61,11592727388.7,9361675033.32,173868974.68,497838500.61,0,制造业,,C39,1228374.807,11.011936395688071,0.6499049046010733,0.012032104599361392,23.393989372818538,0.09688147218020181,0.034451488104494984,1.23831764587419,0.05273495214148034,CM_other,0.6499049046010733,0.012032104599361392,0.09688147218020181,0.05273495214148034,0.034451488104494984,1.23831764587419
000021,2015,14337515272.47,9131834479.71,2114974965.8,10483135874.46,8994649810.17,180660277.51,630427088.77,0,制造业,,C39,1392278.10919881,13.34310189893124,0.636918901648487,0.012600529037056551,23.386145384612842,0.14751335399523813,0.04397045630218136,1.165485716031658,-0.007813304410403196,CM_other,0.636918901648487,0.012600529037056551,0.14751335399523813,-0.007813304410403196,0.04397045630218136,1.165485716031658
000021,2016,11717371549.69,6420043128.75,2538767987.13,7267703465.89,6225831380.05,214423542.75,878969466.81,0,制造业,,C39,1550066.66781086,11.333120701211753,0.547908129525845,0.018299628192269185,23.18433832543862,0.21666702095805496,0.07501421825556555,1.167346659785642,-0.18274740587799304,CM_other,0.547908129525845,0.018299628192269185,0.21666702095805496,-0.18274740587799304,0.07501421825556555,1.167346659785642
000021,2017,16599483730.27,10670724236.67,2438242010.56,11209890772.5,10398244229.04,541303018.08,944310727.73,0,制造业,,C39,1690235.31468079,9.042749565596964,0.6428347055885475,0.03260962972558638,23.53263743123913,0.1468866170888039,0.05688795766629787,1.0780561146268568,0.4166559163782054,CM_other,0.6428347055885475,0.03260962972558638,0.1468866170888039,0.4166559163782054,0.05688795766629787,1.0780561146268568
000021,2018,15996830984.81,9227024995.12,2567338583.68,10085960507.02,9009674142.53,574538923.72,965960524.53,0,制造业,,C39,1826744.21571345,8.076325222115033,0.576803305847367,0.03591579633900996,23.495656476119663,0.1604904487718755,0.06038449274404665,1.1194589668242727,-0.03438588997496195,CM_other,0.576803305847367,0.03591579633900996,0.1604904487718755,-0.03630551137931074,0.06038449274404665,1.1194589668242727
000021,2019,18453360448.5,11351250770.82,2719405217.99,12003581440.21,11137979508.71,352301166.89,964997460.95,0,制造业,,C39,1986488.82,8.744771321154033,0.6151319052429118,0.019091436915959506,23.638512328977892,0.14736639570767446,0.05229386071133948,1.0777162438504302,0.15356350679847966,CM_other,0.6151319052429118,0.019091436915959506,0.14736639570767446,0.15356350679847966,0.05229386071133948,1.0777162438504302
000021,2020,21634626826.88,13624651397.28,3351180275.68,14087805260.17,11398858359.63,857132642.21,1161595095.14,0,制造业,,C39,2186795.89,10.083473311468216,0.6297613315128697,0.039618554508416726,23.797560961890262,0.15489891748520093,0.05369147822308509,1.2358961586945523,0.17239496227575143,CM_other,0.6297613315128697,0.039618554508416726,0.15489891748520093,0.17239496227575143,0.05369147822308509,1.2358961586945523
000021,2021,27048915810.62,15574977828.64,4259128850.98,16694698736.46,14455904111.59,775394154.82,1045383527.69,0,制造业,,C39,2382899.56,8.967625689108093,0.5758078415300076,0.028666367267687797,24.020912760497378,0.15746024279863272,0.03864789017826583,1.154870605642372,0.250260336222347,CM_other,0.5758078415300076,0.028666367267687797,0.15746024279863272,0.250260336222347,0.03864789017826583,1.154870605642372
000021,2022,27812939467.81,15850506396.82,4217147008.2,16637069778.36,13405731548.24,659052805.91,954772712.97,0,制造业,,C39,2664320.84,11.81003533359164,0.569896842984359,0.02369590624079023,24.048767197837833,0.15162536175224556,0.03432836410818892,1.2410415439464946,0.02824599930508231,CM_other,0.569896842984359,0.02369590624079023,0.15162536175224556,0.02824599930508231,0.03432836410818892,1.2410415439464946
000021,2023,27382654775.73,14601245807.59,4853461400.89,15713453014.31,12657947045.49,644601244.53,1211897302.1,0,制造业,,C39,2922713.33,9.698249779857605,0.5332297371156096,0.023540494879310526,24.033175612505556,0.17724583100655955,0.04425784541439488,1.241390326396465,-0.015470665823653862,CM_other,0.5332297371156096,0.023540494879310526,0.17724583100655955,-0.015470665823653862,0.04425784541439488,1.241390326396465
000021,2024,26773186448.82,12915181972.05,5639239887.29,14551054577.04,10642144658.04,930345572.18,1328812377.27,0,制造业,,C39,3135322.3,7.274369600935171,0.4823924114053007,0.03474915374598618,24.010666717982318,0.2106301354181375,0.04963220869544895,1.3673047157883604,-0.02225745939908604,CM_other,0.4823924114053007,0.03474915374598618,0.2106301354181375,-0.02225745939908604,0.04963220869544895,1.3673047157883604
